{"Instrument name": "500 L Single Use Bioreactor", "Instrument id": "20011", "Location": "Biologics Manufacturing Plant 2", "1": {"section_name": "Objective", "section_data": "This Performance Qualification (PQ) protocol has been written for the 500 L Single Use Bioreactor (ID: 20011) located in Biologics Manufacturing Plant 2. The purpose of the Performance Qualification is to ensure the system meets the defined requirements to function in the production environment."}, "2": {"section_name": "Scope", "section_data": "The scope of this Performance Qualification protocol is to provide a documented evidence that the 500 L Single Use Bioreactor is achieving the expected results as per specification mentioned in the protocol. "}, "3": {"section_name": "System Description", "section_data": "The 500 L Single Use Bioreactor is a disposable fermentation vessel designed for cultivating microorganisms or cells in biopharmaceutical production. Its single-use design minimizes contamination risk and eliminates the need for extensive cleaning and sterilization, enhancing operational efficiency. This bioreactor is ideal for producing biologics, such as monoclonal antibodies and vaccines, allowing for scalable and flexible manufacturing. Its advanced monitoring and control systems ensure optimal growth conditions, improving yield and product consistency. Overall, it supports rapid development and commercialization of biopharmaceuticals while reducing costs and time-to-market."}, "7": {"section_name": "Pre-requisite", "section_data": {"Objective": "To verify that all the pre-requirements are fulfilled to execute this protocol.", "Procedure": ["Verify that Installation and Operational Qualification of the system has been completed and approved.", "Verify and ensure that approved SOP is in place for the Operation of 500 L Single Use Bioreactor.", "Verify that the components of the equipment are in calibrated state.", "Check and ensure that equipment/system details are correct as specified", "1. Verify the temperature settings.", "Verify the pH levels.", "Verify the oxygen transfer rate."], "Acceptance Criteria": "All the pre-requisites shall be fulfilled with \u201cYes\u201d before starting the activities."}}, "8": {"section_name": "Performance Qualification Test Cases", "section_data": {"1": {"main_header": "Temperature control", "test_name": "Verification of Temperature control", "test_desc": {"Objective": "The objective of this test is to ensure that the temperature control system of the bioreactor is functioning correctly and maintaining the desired temperature throughout the process.", "Tools/Equipment": "Bioreactor", "Procedure": {"1": "Select the required bioreactor from the overview screen to enter the \u201cMain bioreactor screen\u201d.", "2": "Click the \u201cVessel Temperature\u201d box at the top of the screen to open the faceplate.", "3": "In the faceplate, click on the set point box, enter the desired process value, and click OK.", "4": "Click \u201cJacket temperature control\u201d from the configuration screen.", "5": "Set the Remote set point to \u201cVessel Temp heat out\u201d and the gain schedule to \u201cNone\u201d.", "6": "Click on \u201cCAS\u201d to set the controls to cascade mode. The cascade path will read \u201cvessel temperature heat out\u201d. Close the faceplate.", "7": "Click the \u201cVessel Temperature\u201d box at the top of the screen to open the faceplate and ensure the mode is set to \u201cAUTO\u201d.", "8": "Click on \u201cSTART TCU\u201d on the faceplate to start the TCU."}, "Acceptance criteria": "Temperature shall be maintained throughout the process."}, "bmr_dict": ["", [["Procedure step No.", "Expected results", "Expected results"], ["Procedure step No.", "Description", "Acceptance criteria"], ["Step 1", "Select the required bioreactor/ from the overview screen to enter to the \u201cMain bioreactor screen\u201d.", "Temperature shall be maintained"], ["Step 1", "Click the \u201cVessel Temperature\u201d box at the top of the screen to open the faceplate.", "Temperature shall be maintained"], ["Step 1", "In the faceplate click on the set point box and enter the desired process value and click OK.", "Temperature shall be maintained"], ["Step 1", "Click \u201cJacket temperature control\u201d from the configuration screen, ", "Temperature shall be maintained"], ["Step 1", "Set the Remote set point to \u201cVessel Temp heat out\u201d and the gain schedule to \u201cNone\u201d.", "Temperature shall be maintained"], ["Step 1", "Click on \u201cCAS\u201d to set the controls to cascade mode. The cascade path will read \u201cvessel temperature heat out\u201d. Close the faceplate.", "Temperature shall be maintained"], ["Step 1", "Click the \u201cVessel Temperature\u201d box at the top of the screen to open the faceplate and the mode is set to \u201cAUTO\u201d.", "Temperature shall be maintained"], ["Step 1", "Click on \u201cSTART TCU\u201d on the faceplate to start the TCU.", "Temperature shall be maintained"]]], "table_structure": [{"sub_header": "", "tables": [{"header": [[{"text": "Procedure step No.", "tables": [], "metadata": {"top": 0, "bottom": 2, "left": 0, "right": 1}}, {"text": "Expected results", "tables": [], "metadata": {"top": 0, "bottom": 1, "left": 1, "right": 3}}, {"text": "Expected results", "tables": [], "metadata": {"top": 0, "bottom": 1, "left": 1, "right": 3}}, {"text": "Actual Result", "tables": [], "metadata": {"top": 0, "bottom": 2, "left": 3, "right": 4}}, {"text": "Pass / Fail", "tables": [], "metadata": {"top": 0, "bottom": 2, "left": 4, "right": 5}}, {"text": "Performed by (Sign / Date)", "tables": [], "metadata": {"top": 0, "bottom": 2, "left": 5, "right": 6}}, {"text": "Verified By (Sign/Date)", "tables": [], "metadata": {"top": 0, "bottom": 2, "left": 6, "right": 7}}, {"text": "Test Evidence", "tables": [], "metadata": {"top": 0, "bottom": 2, "left": 7, "right": 8}}], [{"text": "Procedure step No.", "tables": [], "metadata": {"top": 0, "bottom": 2, "left": 0, "right": 1}}, {"text": "Description", "tables": [], "metadata": {"top": 1, "bottom": 2, "left": 1, "right": 2}}, {"text": "Acceptance criteria", "tables": [], "metadata": {"top": 1, "bottom": 2, "left": 2, "right": 3}}, {"text": "Actual Result", "tables": [], "metadata": {"top": 0, "bottom": 2, "left": 3, "right": 4}}, {"text": "Pass / Fail", "tables": [], "metadata": {"top": 0, "bottom": 2, "left": 4, "right": 5}}, {"text": "Performed by (Sign / Date)", "tables": [], "metadata": {"top": 0, "bottom": 2, "left": 5, "right": 6}}, {"text": "Verified By (Sign/Date)", "tables": [], "metadata": {"top": 0, "bottom": 2, "left": 6, "right": 7}}, {"text": "Test Evidence", "tables": [], "metadata": {"top": 0, "bottom": 2, "left": 7, "right": 8}}]], "body": [[{"text": "Step 1", "tables": [], "metadata": {"top": 2, "bottom": 10, "left": 0, "right": 1}}, {"text": "Select the required bioreactor/ from the overview screen to enter to the \u201cMain bioreactor screen\u201d.", "tables": [], "metadata": {"top": 2, "bottom": 3, "left": 1, "right": 2}}, {"text": "Temperature shall be maintained", "tables": [], "metadata": {"top": 2, "bottom": 8, "left": 2, "right": 3}}, {"text": "", "tables": [], "metadata": {"top": 2, "bottom": 3, "left": 3, "right": 4}}, {"text": "", "tables": [], "metadata": {"top": 2, "bottom": 3, "left": 4, "right": 5}}, {"text": "", "tables": [], "metadata": {"top": 2, "bottom": 3, "left": 5, "right": 6}}, {"text": "", "tables": [], "metadata": {"top": 2, "bottom": 3, "left": 6, "right": 7}}, {"text": "", "tables": [], "metadata": {"top": 2, "bottom": 3, "left": 7, "right": 8}}], [{"text": "Step 1", "tables": [], "metadata": {"top": 2, "bottom": 10, "left": 0, "right": 1}}, {"text": "Click the \u201cVessel Temperature\u201d box at the top of the screen to open the faceplate.", "tables": [], "metadata": {"top": 3, "bottom": 4, "left": 1, "right": 2}}, {"text": "Temperature shall be maintained", "tables": [], "metadata": {"top": 2, "bottom": 8, "left": 2, "right": 3}}, {"text": "", "tables": [], "metadata": {"top": 3, "bottom": 4, "left": 3, "right": 4}}, {"text": "", "tables": [], "metadata": {"top": 3, "bottom": 4, "left": 4, "right": 5}}, {"text": "", "tables": [], "metadata": {"top": 3, "bottom": 4, "left": 5, "right": 6}}, {"text": "", "tables": [], "metadata": {"top": 3, "bottom": 4, "left": 6, "right": 7}}, {"text": "", "tables": [], "metadata": {"top": 3, "bottom": 4, "left": 7, "right": 8}}], [{"text": "Step 1", "tables": [], "metadata": {"top": 2, "bottom": 10, "left": 0, "right": 1}}, {"text": "In the faceplate click on the set point box and enter the desired process value and click OK.", "tables": [], "metadata": {"top": 4, "bottom": 5, "left": 1, "right": 2}}, {"text": "Temperature shall be maintained", "tables": [], "metadata": {"top": 2, "bottom": 8, "left": 2, "right": 3}}, {"text": "", "tables": [], "metadata": {"top": 4, "bottom": 5, "left": 3, "right": 4}}, {"text": "", "tables": [], "metadata": {"top": 4, "bottom": 5, "left": 4, "right": 5}}, {"text": "", "tables": [], "metadata": {"top": 4, "bottom": 5, "left": 5, "right": 6}}, {"text": "", "tables": [], "metadata": {"top": 4, "bottom": 5, "left": 6, "right": 7}}, {"text": "", "tables": [], "metadata": {"top": 4, "bottom": 5, "left": 7, "right": 8}}], [{"text": "Step 1", "tables": [], "metadata": {"top": 2, "bottom": 10, "left": 0, "right": 1}}, {"text": "Click \u201cJacket temperature control\u201d from the configuration screen, ", "tables": [], "metadata": {"top": 5, "bottom": 6, "left": 1, "right": 2}}, {"text": "Temperature shall be maintained", "tables": [], "metadata": {"top": 2, "bottom": 8, "left": 2, "right": 3}}, {"text": "", "tables": [], "metadata": {"top": 5, "bottom": 6, "left": 3, "right": 4}}, {"text": "", "tables": [], "metadata": {"top": 5, "bottom": 6, "left": 4, "right": 5}}, {"text": "", "tables": [], "metadata": {"top": 5, "bottom": 6, "left": 5, "right": 6}}, {"text": "", "tables": [], "metadata": {"top": 5, "bottom": 6, "left": 6, "right": 7}}, {"text": "", "tables": [], "metadata": {"top": 5, "bottom": 6, "left": 7, "right": 8}}], [{"text": "Step 1", "tables": [], "metadata": {"top": 2, "bottom": 10, "left": 0, "right": 1}}, {"text": "Set the Remote set point to \u201cVessel Temp heat out\u201d and the gain schedule to \u201cNone\u201d.", "tables": [], "metadata": {"top": 6, "bottom": 7, "left": 1, "right": 2}}, {"text": "Temperature shall be maintained", "tables": [], "metadata": {"top": 2, "bottom": 8, "left": 2, "right": 3}}, {"text": "", "tables": [], "metadata": {"top": 6, "bottom": 7, "left": 3, "right": 4}}, {"text": "", "tables": [], "metadata": {"top": 6, "bottom": 7, "left": 4, "right": 5}}, {"text": "", "tables": [], "metadata": {"top": 6, "bottom": 7, "left": 5, "right": 6}}, {"text": "", "tables": [], "metadata": {"top": 6, "bottom": 7, "left": 6, "right": 7}}, {"text": "", "tables": [], "metadata": {"top": 6, "bottom": 7, "left": 7, "right": 8}}], [{"text": "Step 1", "tables": [], "metadata": {"top": 2, "bottom": 10, "left": 0, "right": 1}}, {"text": "Click on \u201cCAS\u201d to set the controls to cascade mode. The cascade path will read \u201cvessel temperature heat out\u201d. Close the faceplate.", "tables": [], "metadata": {"top": 7, "bottom": 8, "left": 1, "right": 2}}, {"text": "Temperature shall be maintained", "tables": [], "metadata": {"top": 2, "bottom": 8, "left": 2, "right": 3}}, {"text": "", "tables": [], "metadata": {"top": 7, "bottom": 8, "left": 3, "right": 4}}, {"text": "", "tables": [], "metadata": {"top": 7, "bottom": 8, "left": 4, "right": 5}}, {"text": "", "tables": [], "metadata": {"top": 7, "bottom": 8, "left": 5, "right": 6}}, {"text": "", "tables": [], "metadata": {"top": 7, "bottom": 8, "left": 6, "right": 7}}, {"text": "", "tables": [], "metadata": {"top": 7, "bottom": 8, "left": 7, "right": 8}}], [{"text": "Step 1", "tables": [], "metadata": {"top": 2, "bottom": 10, "left": 0, "right": 1}}, {"text": "Click the \u201cVessel Temperature\u201d box at the top of the screen to open the faceplate and the mode is set to \u201cAUTO\u201d.", "tables": [], "metadata": {"top": 8, "bottom": 9, "left": 1, "right": 2}}, {"text": "Temperature shall be maintained", "tables": [], "metadata": {"top": 8, "bottom": 10, "left": 2, "right": 3}}, {"text": "", "tables": [], "metadata": {"top": 8, "bottom": 9, "left": 3, "right": 4}}, {"text": "", "tables": [], "metadata": {"top": 8, "bottom": 9, "left": 4, "right": 5}}, {"text": "", "tables": [], "metadata": {"top": 8, "bottom": 9, "left": 5, "right": 6}}, {"text": "", "tables": [], "metadata": {"top": 8, "bottom": 9, "left": 6, "right": 7}}, {"text": "", "tables": [], "metadata": {"top": 8, "bottom": 9, "left": 7, "right": 8}}], [{"text": "Step 1", "tables": [], "metadata": {"top": 2, "bottom": 10, "left": 0, "right": 1}}, {"text": "Click on \u201cSTART TCU\u201d on the faceplate to start the TCU.", "tables": [], "metadata": {"top": 9, "bottom": 10, "left": 1, "right": 2}}, {"text": "Temperature shall be maintained", "tables": [], "metadata": {"top": 8, "bottom": 10, "left": 2, "right": 3}}, {"text": "", "tables": [], "metadata": {"top": 9, "bottom": 10, "left": 3, "right": 4}}, {"text": "", "tables": [], "metadata": {"top": 9, "bottom": 10, "left": 4, "right": 5}}, {"text": "", "tables": [], "metadata": {"top": 9, "bottom": 10, "left": 5, "right": 6}}, {"text": "", "tables": [], "metadata": {"top": 9, "bottom": 10, "left": 6, "right": 7}}, {"text": "", "tables": [], "metadata": {"top": 9, "bottom": 10, "left": 7, "right": 8}}]]}]}]}, "2": {"main_header": "pH control", "test_name": "Verification of pH control", "test_desc": {"Objective": "The objective of this test is to ensure that the pH level in the bioreactor is maintained as per the Batch Manufacturing Record (BMR) through proper configuration and control of the pH control system.", "Tools/Equipment": "Bioreactor", "Procedure": {"1": "Click on the pH control box located on the main bioreactor screen to open the pH control faceplate.", "2": "Set the pH value at the set point box on the faceplate as described in BMR.", "3": "Enter all the necessary details in the pH control screen as indicated in the section and click on \u201cApply values\u201d. Set the output scales as required for the process.", "4": "Close the pH control window in the configuration screen and click on the MFC to be used as part of the pH control loop on the configuration screen.", "5": "Enter all the necessary details in the MFC screen as indicated in the section and click on \u201cApply values\u201d and close the MFC window.", "6": "Click on the control box of the pump if selected for pH control and select \u201cCAS\u201d on the faceplate. Close the faceplate.", "7": "Click on the pH control box on the main screen to open the faceplate and select \u201cAuto\u201d on the left side of the faceplate to enable auto control."}, "Acceptance criteria": "pH shall be maintained as per BMR"}, "bmr_dict": ["", [["Procedure step No.", "Expected results", "Expected results"], ["Procedure step No.", "Description", "Acceptance criteria"], ["Step 1", "Click on the pH control box located on the main bioreactor screen to open the pH control faceplate.", "pH shall be maintained as per BMR"], ["Step 1", "Set the pH value at the set point box on the faceplate as described in BMR.", "pH shall be maintained as per BMR"], ["Step 1", "Enter all the necessary details in the pH control screen as indicated in the section and click on \u201cApply values\u201d.Set the output scales as required for the process.", "pH shall be maintained as per BMR"], ["Step 1", "Close the pH control window in the configuration screen and click on the MFC to be used as part of the pH control loop on the configuration screen.", "pH shall be maintained as per BMR"], ["Step 1", "Enter all the necessary details in the MFC screen as indicated in the section and click on \u201cApply values\u201d and close the MFC window.", "pH shall be maintained as per BMR"], ["Step 1", "Click on the control box of the pump if selected for pH control and select \u201cCAS\u201d on the faceplate. Close the faceplate.", "pH shall be maintained as per BMR"], ["Step 1", "Click on the pH control box on the main screen to open the faceplate and select \u201cAuto\u201d on the left side of the faceplate to enable auto control.", "pH shall be maintained as per BMR"]]], "table_structure": [{"sub_header": "", "tables": [{"header": [[{"text": "Procedure step No.", "tables": [], "metadata": {"top": 0, "bottom": 2, "left": 0, "right": 1}}, {"text": "Expected results", "tables": [], "metadata": {"top": 0, "bottom": 1, "left": 1, "right": 3}}, {"text": "Expected results", "tables": [], "metadata": {"top": 0, "bottom": 1, "left": 1, "right": 3}}, {"text": "Actual Result", "tables": [], "metadata": {"top": 0, "bottom": 2, "left": 3, "right": 4}}, {"text": "Pass / Fail", "tables": [], "metadata": {"top": 0, "bottom": 2, "left": 4, "right": 5}}, {"text": "Performed by (Sign / Date)", "tables": [], "metadata": {"top": 0, "bottom": 2, "left": 5, "right": 6}}, {"text": "Verified By (Sign/Date)", "tables": [], "metadata": {"top": 0, "bottom": 2, "left": 6, "right": 7}}, {"text": "Test Evidence", "tables": [], "metadata": {"top": 0, "bottom": 2, "left": 7, "right": 8}}], [{"text": "Procedure step No.", "tables": [], "metadata": {"top": 0, "bottom": 2, "left": 0, "right": 1}}, {"text": "Description", "tables": [], "metadata": {"top": 1, "bottom": 2, "left": 1, "right": 2}}, {"text": "Acceptance criteria", "tables": [], "metadata": {"top": 1, "bottom": 2, "left": 2, "right": 3}}, {"text": "Actual Result", "tables": [], "metadata": {"top": 0, "bottom": 2, "left": 3, "right": 4}}, {"text": "Pass / Fail", "tables": [], "metadata": {"top": 0, "bottom": 2, "left": 4, "right": 5}}, {"text": "Performed by (Sign / Date)", "tables": [], "metadata": {"top": 0, "bottom": 2, "left": 5, "right": 6}}, {"text": "Verified By (Sign/Date)", "tables": [], "metadata": {"top": 0, "bottom": 2, "left": 6, "right": 7}}, {"text": "Test Evidence", "tables": [], "metadata": {"top": 0, "bottom": 2, "left": 7, "right": 8}}]], "body": [[{"text": "Step 1", "tables": [], "metadata": {"top": 2, "bottom": 9, "left": 0, "right": 1}}, {"text": "Click on the pH control box located on the main bioreactor screen to open the pH control faceplate.", "tables": [], "metadata": {"top": 2, "bottom": 3, "left": 1, "right": 2}}, {"text": "pH shall be maintained as per BMR", "tables": [], "metadata": {"top": 2, "bottom": 6, "left": 2, "right": 3}}, {"text": "", "tables": [], "metadata": {"top": 2, "bottom": 3, "left": 3, "right": 4}}, {"text": "", "tables": [], "metadata": {"top": 2, "bottom": 3, "left": 4, "right": 5}}, {"text": "", "tables": [], "metadata": {"top": 2, "bottom": 3, "left": 5, "right": 6}}, {"text": "", "tables": [], "metadata": {"top": 2, "bottom": 3, "left": 6, "right": 7}}, {"text": "", "tables": [], "metadata": {"top": 2, "bottom": 3, "left": 7, "right": 8}}], [{"text": "Step 1", "tables": [], "metadata": {"top": 2, "bottom": 9, "left": 0, "right": 1}}, {"text": "Set the pH value at the set point box on the faceplate as described in BMR.", "tables": [], "metadata": {"top": 3, "bottom": 4, "left": 1, "right": 2}}, {"text": "pH shall be maintained as per BMR", "tables": [], "metadata": {"top": 2, "bottom": 6, "left": 2, "right": 3}}, {"text": "", "tables": [], "metadata": {"top": 3, "bottom": 4, "left": 3, "right": 4}}, {"text": "", "tables": [], "metadata": {"top": 3, "bottom": 4, "left": 4, "right": 5}}, {"text": "", "tables": [], "metadata": {"top": 3, "bottom": 4, "left": 5, "right": 6}}, {"text": "", "tables": [], "metadata": {"top": 3, "bottom": 4, "left": 6, "right": 7}}, {"text": "", "tables": [], "metadata": {"top": 3, "bottom": 4, "left": 7, "right": 8}}], [{"text": "Step 1", "tables": [], "metadata": {"top": 2, "bottom": 9, "left": 0, "right": 1}}, {"text": "Enter all the necessary details in the pH control screen as indicated in the section and click on \u201cApply values\u201d.Set the output scales as required for the process.", "tables": [], "metadata": {"top": 4, "bottom": 5, "left": 1, "right": 2}}, {"text": "pH shall be maintained as per BMR", "tables": [], "metadata": {"top": 2, "bottom": 6, "left": 2, "right": 3}}, {"text": "", "tables": [], "metadata": {"top": 4, "bottom": 5, "left": 3, "right": 4}}, {"text": "", "tables": [], "metadata": {"top": 4, "bottom": 5, "left": 4, "right": 5}}, {"text": "", "tables": [], "metadata": {"top": 4, "bottom": 5, "left": 5, "right": 6}}, {"text": "", "tables": [], "metadata": {"top": 4, "bottom": 5, "left": 6, "right": 7}}, {"text": "", "tables": [], "metadata": {"top": 4, "bottom": 5, "left": 7, "right": 8}}], [{"text": "Step 1", "tables": [], "metadata": {"top": 2, "bottom": 9, "left": 0, "right": 1}}, {"text": "Close the pH control window in the configuration screen and click on the MFC to be used as part of the pH control loop on the configuration screen.", "tables": [], "metadata": {"top": 5, "bottom": 6, "left": 1, "right": 2}}, {"text": "pH shall be maintained as per BMR", "tables": [], "metadata": {"top": 2, "bottom": 6, "left": 2, "right": 3}}, {"text": "", "tables": [], "metadata": {"top": 5, "bottom": 6, "left": 3, "right": 4}}, {"text": "", "tables": [], "metadata": {"top": 5, "bottom": 6, "left": 4, "right": 5}}, {"text": "", "tables": [], "metadata": {"top": 5, "bottom": 6, "left": 5, "right": 6}}, {"text": "", "tables": [], "metadata": {"top": 5, "bottom": 6, "left": 6, "right": 7}}, {"text": "", "tables": [], "metadata": {"top": 5, "bottom": 6, "left": 7, "right": 8}}], [{"text": "Step 1", "tables": [], "metadata": {"top": 2, "bottom": 9, "left": 0, "right": 1}}, {"text": "Enter all the necessary details in the MFC screen as indicated in the section and click on \u201cApply values\u201d and close the MFC window.", "tables": [], "metadata": {"top": 6, "bottom": 7, "left": 1, "right": 2}}, {"text": "pH shall be maintained as per BMR", "tables": [], "metadata": {"top": 6, "bottom": 9, "left": 2, "right": 3}}, {"text": "", "tables": [], "metadata": {"top": 6, "bottom": 7, "left": 3, "right": 4}}, {"text": "", "tables": [], "metadata": {"top": 6, "bottom": 7, "left": 4, "right": 5}}, {"text": "", "tables": [], "metadata": {"top": 6, "bottom": 7, "left": 5, "right": 6}}, {"text": "", "tables": [], "metadata": {"top": 6, "bottom": 7, "left": 6, "right": 7}}, {"text": "", "tables": [], "metadata": {"top": 6, "bottom": 7, "left": 7, "right": 8}}], [{"text": "Step 1", "tables": [], "metadata": {"top": 2, "bottom": 9, "left": 0, "right": 1}}, {"text": "Click on the control box of the pump if selected for pH control and select \u201cCAS\u201d on the faceplate. Close the faceplate.", "tables": [], "metadata": {"top": 7, "bottom": 8, "left": 1, "right": 2}}, {"text": "pH shall be maintained as per BMR", "tables": [], "metadata": {"top": 6, "bottom": 9, "left": 2, "right": 3}}, {"text": "", "tables": [], "metadata": {"top": 7, "bottom": 8, "left": 3, "right": 4}}, {"text": "", "tables": [], "metadata": {"top": 7, "bottom": 8, "left": 4, "right": 5}}, {"text": "", "tables": [], "metadata": {"top": 7, "bottom": 8, "left": 5, "right": 6}}, {"text": "", "tables": [], "metadata": {"top": 7, "bottom": 8, "left": 6, "right": 7}}, {"text": "", "tables": [], "metadata": {"top": 7, "bottom": 8, "left": 7, "right": 8}}], [{"text": "Step 1", "tables": [], "metadata": {"top": 2, "bottom": 9, "left": 0, "right": 1}}, {"text": "Click on the pH control box on the main screen to open the faceplate and select \u201cAuto\u201d on the left side of the faceplate to enable auto control.", "tables": [], "metadata": {"top": 8, "bottom": 9, "left": 1, "right": 2}}, {"text": "pH shall be maintained as per BMR", "tables": [], "metadata": {"top": 6, "bottom": 9, "left": 2, "right": 3}}, {"text": "", "tables": [], "metadata": {"top": 8, "bottom": 9, "left": 3, "right": 4}}, {"text": "", "tables": [], "metadata": {"top": 8, "bottom": 9, "left": 4, "right": 5}}, {"text": "", "tables": [], "metadata": {"top": 8, "bottom": 9, "left": 5, "right": 6}}, {"text": "", "tables": [], "metadata": {"top": 8, "bottom": 9, "left": 6, "right": 7}}, {"text": "", "tables": [], "metadata": {"top": 8, "bottom": 9, "left": 7, "right": 8}}]]}]}]}, "3": {"main_header": "DO control", "test_name": "Verification of DO control", "test_desc": {"Objective": "The objective of this test is to ensure that the Dissolved Oxygen (DO) levels in the bioreactor are maintained as per the Batch Manufacturing Record (BMR) through proper configuration and control of the DO control system.", "Tools/Equipment": "Bioreactor", "Procedure": {"1": "Click on the DO control box located on the main bioreactor screen to open the DO control faceplate.", "2": "Set the DO value at the set point box on the faceplate as described in BMR.", "3": "Click on the MFC to be used as part of the DO control loop on the configuration screen.", "4": "Enter all the necessary details in the MFC screen as indicated in the section and click on \u201cApply values\u201d and close the MFC window.", "5": "At the top of the faceplate select \u201cbypass\u201d and on the left side select \u201cCAS\u201d and close the faceplate.", "6": "Click on the DO control box on the main screen to open the faceplate and select \u201cAuto\u201d on the left side of the faceplate to enable auto control."}, "Acceptance criteria": "DO shall be maintained as per BMR."}, "bmr_dict": ["", [["Procedure step No.", "Expected results", "Expected results"], ["Procedure step No.", "Description", "Acceptance criteria"], ["Step 1", "Click on the DO control box located on the main bioreactor screen to open the DO control faceplate.", "DO shall be maintained as per BMR"], ["Step 1", "Set the DO value at the set point box on the faceplate as described in BMR.", "DO shall be maintained as per BMR"], ["Step 1", "Click on the MFC to be used as part of the DO control loop on the configuration screen.", "DO shall be maintained as per BMR"], ["Step 1", "Enter all the necessary details in the MFC screen as indicated in the section and click on \u201cApply values\u201d and close the MFC window.", "DO shall be maintained as per BMR"], ["Step 1", "At the top of the faceplate select \u201cbypass\u201d and on the left side select \u201cCAS\u201d and close the faceplate.", "DO shall be maintained as per BMR"], ["Step 1", "Click on the DO control box on the main screen to open the faceplate and select \u201cAuto\u201d on the left side of the faceplate to enable auto control.", "DO shall be maintained as per BMR"]]], "table_structure": [{"sub_header": "", "tables": [{"header": [[{"text": "Procedure step No.", "tables": [], "metadata": {"top": 0, "bottom": 2, "left": 0, "right": 1}}, {"text": "Expected results", "tables": [], "metadata": {"top": 0, "bottom": 1, "left": 1, "right": 3}}, {"text": "Expected results", "tables": [], "metadata": {"top": 0, "bottom": 1, "left": 1, "right": 3}}, {"text": "Actual Result", "tables": [], "metadata": {"top": 0, "bottom": 2, "left": 3, "right": 4}}, {"text": "Pass / Fail", "tables": [], "metadata": {"top": 0, "bottom": 2, "left": 4, "right": 5}}, {"text": "Performed by (Sign / Date)", "tables": [], "metadata": {"top": 0, "bottom": 2, "left": 5, "right": 6}}, {"text": "Verified By (Sign/Date)", "tables": [], "metadata": {"top": 0, "bottom": 2, "left": 6, "right": 7}}, {"text": "Test Evidence", "tables": [], "metadata": {"top": 0, "bottom": 2, "left": 7, "right": 8}}], [{"text": "Procedure step No.", "tables": [], "metadata": {"top": 0, "bottom": 2, "left": 0, "right": 1}}, {"text": "Description", "tables": [], "metadata": {"top": 1, "bottom": 2, "left": 1, "right": 2}}, {"text": "Acceptance criteria", "tables": [], "metadata": {"top": 1, "bottom": 2, "left": 2, "right": 3}}, {"text": "Actual Result", "tables": [], "metadata": {"top": 0, "bottom": 2, "left": 3, "right": 4}}, {"text": "Pass / Fail", "tables": [], "metadata": {"top": 0, "bottom": 2, "left": 4, "right": 5}}, {"text": "Performed by (Sign / Date)", "tables": [], "metadata": {"top": 0, "bottom": 2, "left": 5, "right": 6}}, {"text": "Verified By (Sign/Date)", "tables": [], "metadata": {"top": 0, "bottom": 2, "left": 6, "right": 7}}, {"text": "Test Evidence", "tables": [], "metadata": {"top": 0, "bottom": 2, "left": 7, "right": 8}}]], "body": [[{"text": "Step 1", "tables": [], "metadata": {"top": 2, "bottom": 8, "left": 0, "right": 1}}, {"text": "Click on the DO control box located on the main bioreactor screen to open the DO control faceplate.", "tables": [], "metadata": {"top": 2, "bottom": 3, "left": 1, "right": 2}}, {"text": "DO shall be maintained as per BMR", "tables": [], "metadata": {"top": 2, "bottom": 8, "left": 2, "right": 3}}, {"text": "", "tables": [], "metadata": {"top": 2, "bottom": 3, "left": 3, "right": 4}}, {"text": "", "tables": [], "metadata": {"top": 2, "bottom": 3, "left": 4, "right": 5}}, {"text": "", "tables": [], "metadata": {"top": 2, "bottom": 3, "left": 5, "right": 6}}, {"text": "", "tables": [], "metadata": {"top": 2, "bottom": 3, "left": 6, "right": 7}}, {"text": "", "tables": [], "metadata": {"top": 2, "bottom": 3, "left": 7, "right": 8}}], [{"text": "Step 1", "tables": [], "metadata": {"top": 2, "bottom": 8, "left": 0, "right": 1}}, {"text": "Set the DO value at the set point box on the faceplate as described in BMR.", "tables": [], "metadata": {"top": 3, "bottom": 4, "left": 1, "right": 2}}, {"text": "DO shall be maintained as per BMR", "tables": [], "metadata": {"top": 2, "bottom": 8, "left": 2, "right": 3}}, {"text": "", "tables": [], "metadata": {"top": 3, "bottom": 4, "left": 3, "right": 4}}, {"text": "", "tables": [], "metadata": {"top": 3, "bottom": 4, "left": 4, "right": 5}}, {"text": "", "tables": [], "metadata": {"top": 3, "bottom": 4, "left": 5, "right": 6}}, {"text": "", "tables": [], "metadata": {"top": 3, "bottom": 4, "left": 6, "right": 7}}, {"text": "", "tables": [], "metadata": {"top": 3, "bottom": 4, "left": 7, "right": 8}}], [{"text": "Step 1", "tables": [], "metadata": {"top": 2, "bottom": 8, "left": 0, "right": 1}}, {"text": "Click on the MFC to be used as part of the DO control loop on the configuration screen.", "tables": [], "metadata": {"top": 4, "bottom": 5, "left": 1, "right": 2}}, {"text": "DO shall be maintained as per BMR", "tables": [], "metadata": {"top": 2, "bottom": 8, "left": 2, "right": 3}}, {"text": "", "tables": [], "metadata": {"top": 4, "bottom": 5, "left": 3, "right": 4}}, {"text": "", "tables": [], "metadata": {"top": 4, "bottom": 5, "left": 4, "right": 5}}, {"text": "", "tables": [], "metadata": {"top": 4, "bottom": 5, "left": 5, "right": 6}}, {"text": "", "tables": [], "metadata": {"top": 4, "bottom": 5, "left": 6, "right": 7}}, {"text": "", "tables": [], "metadata": {"top": 4, "bottom": 5, "left": 7, "right": 8}}], [{"text": "Step 1", "tables": [], "metadata": {"top": 2, "bottom": 8, "left": 0, "right": 1}}, {"text": "Enter all the necessary details in the MFC screen as indicated in the section and click on \u201cApply values\u201d and close the MFC window.", "tables": [], "metadata": {"top": 5, "bottom": 6, "left": 1, "right": 2}}, {"text": "DO shall be maintained as per BMR", "tables": [], "metadata": {"top": 2, "bottom": 8, "left": 2, "right": 3}}, {"text": "", "tables": [], "metadata": {"top": 5, "bottom": 6, "left": 3, "right": 4}}, {"text": "", "tables": [], "metadata": {"top": 5, "bottom": 6, "left": 4, "right": 5}}, {"text": "", "tables": [], "metadata": {"top": 5, "bottom": 6, "left": 5, "right": 6}}, {"text": "", "tables": [], "metadata": {"top": 5, "bottom": 6, "left": 6, "right": 7}}, {"text": "", "tables": [], "metadata": {"top": 5, "bottom": 6, "left": 7, "right": 8}}], [{"text": "Step 1", "tables": [], "metadata": {"top": 2, "bottom": 8, "left": 0, "right": 1}}, {"text": "At the top of the faceplate select \u201cbypass\u201d and on the left side select \u201cCAS\u201d and close the faceplate.", "tables": [], "metadata": {"top": 6, "bottom": 7, "left": 1, "right": 2}}, {"text": "DO shall be maintained as per BMR", "tables": [], "metadata": {"top": 2, "bottom": 8, "left": 2, "right": 3}}, {"text": "", "tables": [], "metadata": {"top": 6, "bottom": 7, "left": 3, "right": 4}}, {"text": "", "tables": [], "metadata": {"top": 6, "bottom": 7, "left": 4, "right": 5}}, {"text": "", "tables": [], "metadata": {"top": 6, "bottom": 7, "left": 5, "right": 6}}, {"text": "", "tables": [], "metadata": {"top": 6, "bottom": 7, "left": 6, "right": 7}}, {"text": "", "tables": [], "metadata": {"top": 6, "bottom": 7, "left": 7, "right": 8}}], [{"text": "Step 1", "tables": [], "metadata": {"top": 2, "bottom": 8, "left": 0, "right": 1}}, {"text": "Click on the DO control box on the main screen to open the faceplate and select \u201cAuto\u201d on the left side of the faceplate to enable auto control.", "tables": [], "metadata": {"top": 7, "bottom": 8, "left": 1, "right": 2}}, {"text": "DO shall be maintained as per BMR", "tables": [], "metadata": {"top": 2, "bottom": 8, "left": 2, "right": 3}}, {"text": "", "tables": [], "metadata": {"top": 7, "bottom": 8, "left": 3, "right": 4}}, {"text": "", "tables": [], "metadata": {"top": 7, "bottom": 8, "left": 4, "right": 5}}, {"text": "", "tables": [], "metadata": {"top": 7, "bottom": 8, "left": 5, "right": 6}}, {"text": "", "tables": [], "metadata": {"top": 7, "bottom": 8, "left": 6, "right": 7}}, {"text": "", "tables": [], "metadata": {"top": 7, "bottom": 8, "left": 7, "right": 8}}]]}]}]}, "4": {"main_header": "Agitation control", "test_name": "Verification of Agitation control", "test_desc": {"Objective": "The objective of this test is to ensure that the agitation in the bioreactor is maintained at the set point as per the defined process parameters.", "Tools/Equipment": "Bioreactor", "Procedure": {"1": "Select the required bioreactor from the overview screen to enter the \u201cMain bioreactor screen\u201d.", "2": "Click the \u201cAgitator speed\u201d box on the upper right of the screen to open the faceplate.", "3": "In the faceplate, click on the set point box, enter the desired process value as per BMR, click OK, and set the mode to \u201cAUTO\u201d."}, "Acceptance criteria": "Agitation shall be maintained as per set point."}, "bmr_dict": ["", [["Procedure step No.", "Expected results", "Expected results"], ["Procedure step No.", "Description", "Acceptance criteria"], ["Step 1", "Select the required bioreactor/ from the overview screen to enter to the \u201cMain bioreactor screen\u201d.", "Agitation shall be maintained as per set point."], ["Step 1", "Click the \u201cAgitator speed\u201d box on the upper right of the screen to open the faceplate.", "Agitation shall be maintained as per set point."], ["Step 1", "In the faceplate click on the set point box and enter the desired process value as per BMR and click OK and set the mode to \u201cAUTO", "Agitation shall be maintained as per set point."]]], "table_structure": [{"sub_header": "", "tables": [{"header": [[{"text": "Procedure step No.", "tables": [], "metadata": {"top": 0, "bottom": 2, "left": 0, "right": 1}}, {"text": "Expected results", "tables": [], "metadata": {"top": 0, "bottom": 1, "left": 1, "right": 3}}, {"text": "Expected results", "tables": [], "metadata": {"top": 0, "bottom": 1, "left": 1, "right": 3}}, {"text": "Actual Result", "tables": [], "metadata": {"top": 0, "bottom": 2, "left": 3, "right": 4}}, {"text": "Pass / Fail", "tables": [], "metadata": {"top": 0, "bottom": 2, "left": 4, "right": 5}}, {"text": "Performed by (Sign / Date)", "tables": [], "metadata": {"top": 0, "bottom": 2, "left": 5, "right": 6}}, {"text": "Verified By (Sign/Date)", "tables": [], "metadata": {"top": 0, "bottom": 2, "left": 6, "right": 7}}, {"text": "Test Evidence", "tables": [], "metadata": {"top": 0, "bottom": 2, "left": 7, "right": 8}}], [{"text": "Procedure step No.", "tables": [], "metadata": {"top": 0, "bottom": 2, "left": 0, "right": 1}}, {"text": "Description", "tables": [], "metadata": {"top": 1, "bottom": 2, "left": 1, "right": 2}}, {"text": "Acceptance criteria", "tables": [], "metadata": {"top": 1, "bottom": 2, "left": 2, "right": 3}}, {"text": "Actual Result", "tables": [], "metadata": {"top": 0, "bottom": 2, "left": 3, "right": 4}}, {"text": "Pass / Fail", "tables": [], "metadata": {"top": 0, "bottom": 2, "left": 4, "right": 5}}, {"text": "Performed by (Sign / Date)", "tables": [], "metadata": {"top": 0, "bottom": 2, "left": 5, "right": 6}}, {"text": "Verified By (Sign/Date)", "tables": [], "metadata": {"top": 0, "bottom": 2, "left": 6, "right": 7}}, {"text": "Test Evidence", "tables": [], "metadata": {"top": 0, "bottom": 2, "left": 7, "right": 8}}]], "body": [[{"text": "Step 1", "tables": [], "metadata": {"top": 2, "bottom": 5, "left": 0, "right": 1}}, {"text": "Select the required bioreactor/ from the overview screen to enter to the \u201cMain bioreactor screen\u201d.", "tables": [], "metadata": {"top": 2, "bottom": 3, "left": 1, "right": 2}}, {"text": "Agitation shall be maintained as per set point.", "tables": [], "metadata": {"top": 2, "bottom": 5, "left": 2, "right": 3}}, {"text": "", "tables": [], "metadata": {"top": 2, "bottom": 3, "left": 3, "right": 4}}, {"text": "", "tables": [], "metadata": {"top": 2, "bottom": 3, "left": 4, "right": 5}}, {"text": "", "tables": [], "metadata": {"top": 2, "bottom": 3, "left": 5, "right": 6}}, {"text": "", "tables": [], "metadata": {"top": 2, "bottom": 3, "left": 6, "right": 7}}, {"text": "", "tables": [], "metadata": {"top": 2, "bottom": 3, "left": 7, "right": 8}}], [{"text": "Step 1", "tables": [], "metadata": {"top": 2, "bottom": 5, "left": 0, "right": 1}}, {"text": "Click the \u201cAgitator speed\u201d box on the upper right of the screen to open the faceplate.", "tables": [], "metadata": {"top": 3, "bottom": 4, "left": 1, "right": 2}}, {"text": "Agitation shall be maintained as per set point.", "tables": [], "metadata": {"top": 2, "bottom": 5, "left": 2, "right": 3}}, {"text": "", "tables": [], "metadata": {"top": 3, "bottom": 4, "left": 3, "right": 4}}, {"text": "", "tables": [], "metadata": {"top": 3, "bottom": 4, "left": 4, "right": 5}}, {"text": "", "tables": [], "metadata": {"top": 3, "bottom": 4, "left": 5, "right": 6}}, {"text": "", "tables": [], "metadata": {"top": 3, "bottom": 4, "left": 6, "right": 7}}, {"text": "", "tables": [], "metadata": {"top": 3, "bottom": 4, "left": 7, "right": 8}}], [{"text": "Step 1", "tables": [], "metadata": {"top": 2, "bottom": 5, "left": 0, "right": 1}}, {"text": "In the faceplate click on the set point box and enter the desired process value as per BMR and click OK and set the mode to \u201cAUTO", "tables": [], "metadata": {"top": 4, "bottom": 5, "left": 1, "right": 2}}, {"text": "Agitation shall be maintained as per set point.", "tables": [], "metadata": {"top": 2, "bottom": 5, "left": 2, "right": 3}}, {"text": "", "tables": [], "metadata": {"top": 4, "bottom": 5, "left": 3, "right": 4}}, {"text": "", "tables": [], "metadata": {"top": 4, "bottom": 5, "left": 4, "right": 5}}, {"text": "", "tables": [], "metadata": {"top": 4, "bottom": 5, "left": 5, "right": 6}}, {"text": "", "tables": [], "metadata": {"top": 4, "bottom": 5, "left": 6, "right": 7}}, {"text": "", "tables": [], "metadata": {"top": 4, "bottom": 5, "left": 7, "right": 8}}]]}]}]}, "5": {"main_header": "Contamination Check", "test_name": "Verification of Contamination Check", "test_desc": {"Objective": "The objective of this test is to check for contamination in the wave bioreactor by collecting samples before and after inoculation and verifying the results against specifications.", "Tools/Equipment": "Bioreactor", "Procedure": {"1": "Collect the sample for wave bioreactor before inoculation as mentioned in the BMR.", "2": "Collect the sample for wave bioreactor after inoculation as mentioned in the BMR.", "3": "After receiving the sample result, verify the same to meet the specification. Attach the copy of TRF with the protocol."}, "Acceptance criteria": "As per BMR"}, "bmr_dict": ["", [["Procedure step No.", "Expected results", "Expected results"], ["Procedure step No.", "Description", "Acceptance criteria"], ["Step 1", "Collect the sample for wave bioreactor before inoculation as mentioned in the BMR.", "As per BMR"], ["", "Collect the sample for wave bioreactor after inoculation as mentioned in the BMR.", ""], ["", "After receiving the sample result, verify the same to meet the specification.\n\nAttach the copy of TRF with the protocol", ""]]], "table_structure": [{"sub_header": "", "tables": [{"header": [[{"text": "Procedure step No.", "tables": [], "metadata": {"top": 0, "bottom": 2, "left": 0, "right": 1}}, {"text": "Expected results", "tables": [], "metadata": {"top": 0, "bottom": 1, "left": 1, "right": 3}}, {"text": "Expected results", "tables": [], "metadata": {"top": 0, "bottom": 1, "left": 1, "right": 3}}, {"text": "Actual Result", "tables": [], "metadata": {"top": 0, "bottom": 2, "left": 3, "right": 4}}, {"text": "Pass / Fail", "tables": [], "metadata": {"top": 0, "bottom": 2, "left": 4, "right": 5}}, {"text": "Performed by (Sign / Date)", "tables": [], "metadata": {"top": 0, "bottom": 2, "left": 5, "right": 6}}, {"text": "Verified By (Sign/Date)", "tables": [], "metadata": {"top": 0, "bottom": 2, "left": 6, "right": 7}}, {"text": "Test Evidence", "tables": [], "metadata": {"top": 0, "bottom": 2, "left": 7, "right": 8}}], [{"text": "Procedure step No.", "tables": [], "metadata": {"top": 0, "bottom": 2, "left": 0, "right": 1}}, {"text": "Description", "tables": [], "metadata": {"top": 1, "bottom": 2, "left": 1, "right": 2}}, {"text": "Acceptance criteria", "tables": [], "metadata": {"top": 1, "bottom": 2, "left": 2, "right": 3}}, {"text": "Actual Result", "tables": [], "metadata": {"top": 0, "bottom": 2, "left": 3, "right": 4}}, {"text": "Pass / Fail", "tables": [], "metadata": {"top": 0, "bottom": 2, "left": 4, "right": 5}}, {"text": "Performed by (Sign / Date)", "tables": [], "metadata": {"top": 0, "bottom": 2, "left": 5, "right": 6}}, {"text": "Verified By (Sign/Date)", "tables": [], "metadata": {"top": 0, "bottom": 2, "left": 6, "right": 7}}, {"text": "Test Evidence", "tables": [], "metadata": {"top": 0, "bottom": 2, "left": 7, "right": 8}}]], "body": [[{"text": "Step 1", "tables": [], "metadata": {"top": 2, "bottom": 3, "left": 0, "right": 1}}, {"text": "Collect the sample for wave bioreactor before inoculation as mentioned in the BMR.", "tables": [], "metadata": {"top": 2, "bottom": 3, "left": 1, "right": 2}}, {"text": "As per BMR", "tables": [], "metadata": {"top": 2, "bottom": 3, "left": 2, "right": 3}}, {"text": "", "tables": [], "metadata": {"top": 2, "bottom": 3, "left": 3, "right": 4}}, {"text": "", "tables": [], "metadata": {"top": 2, "bottom": 3, "left": 4, "right": 5}}, {"text": "", "tables": [], "metadata": {"top": 2, "bottom": 3, "left": 5, "right": 6}}, {"text": "", "tables": [], "metadata": {"top": 2, "bottom": 3, "left": 6, "right": 7}}, {"text": "", "tables": [], "metadata": {"top": 2, "bottom": 3, "left": 7, "right": 8}}], [{"text": "", "tables": [], "metadata": {"top": 3, "bottom": 4, "left": 0, "right": 1}}, {"text": "Collect the sample for wave bioreactor after inoculation as mentioned in the BMR.", "tables": [], "metadata": {"top": 3, "bottom": 4, "left": 1, "right": 2}}, {"text": "", "tables": [], "metadata": {"top": 3, "bottom": 4, "left": 2, "right": 3}}, {"text": "", "tables": [], "metadata": {"top": 3, "bottom": 4, "left": 3, "right": 4}}, {"text": "", "tables": [], "metadata": {"top": 3, "bottom": 4, "left": 4, "right": 5}}, {"text": "", "tables": [], "metadata": {"top": 3, "bottom": 4, "left": 5, "right": 6}}, {"text": "", "tables": [], "metadata": {"top": 3, "bottom": 4, "left": 6, "right": 7}}, {"text": "", "tables": [], "metadata": {"top": 3, "bottom": 4, "left": 7, "right": 8}}], [{"text": "", "tables": [], "metadata": {"top": 4, "bottom": 5, "left": 0, "right": 1}}, {"text": "After receiving the sample result, verify the same to meet the specification.\n\nAttach the copy of TRF with the protocol", "tables": [], "metadata": {"top": 4, "bottom": 5, "left": 1, "right": 2}}, {"text": "", "tables": [], "metadata": {"top": 4, "bottom": 5, "left": 2, "right": 3}}, {"text": "", "tables": [], "metadata": {"top": 4, "bottom": 5, "left": 3, "right": 4}}, {"text": "", "tables": [], "metadata": {"top": 4, "bottom": 5, "left": 4, "right": 5}}, {"text": "", "tables": [], "metadata": {"top": 4, "bottom": 5, "left": 5, "right": 6}}, {"text": "", "tables": [], "metadata": {"top": 4, "bottom": 5, "left": 6, "right": 7}}, {"text": "", "tables": [], "metadata": {"top": 4, "bottom": 5, "left": 7, "right": 8}}]]}]}]}, "6": {"main_header": "Verification of SOPs/ECCs/EOPs/PMP", "test_name": "Verification of SOPs/ECCs/EOPs/PMP", "test_desc": {"Objective": "To verify the Standard Operating Procedures (SOP)/Equipment Cleaning Checklist (ECC)/Equipment Operating Procedure (EOP)/ Preventive Maintenance Plan (PMP) for the system as applicable.", "Tools/Equipment": "NA", "Procedure": {"1": "List out all SOPs/ECCs/EOPs/PMP for the system as applicable"}, "Acceptance criteria": "SOPs/ECCs/EOPs/PMP identified shall be available either in draft or effective stage."}, "bmr_dict": {}, "table_structure": [{"sub_header": "", "tables": [{"header": [[{"text": "S. No.", "tables": [], "metadata": {"top": 0, "bottom": 1, "left": 0, "right": 1}}, {"text": "Title", "tables": [], "metadata": {"top": 0, "bottom": 1, "left": 1, "right": 2}}, {"text": "Performed by [Sign & Date]", "tables": [], "metadata": {"top": 0, "bottom": 1, "left": 2, "right": 3}}, {"text": "Verified by [Sign & Date]", "tables": [], "metadata": {"top": 0, "bottom": 1, "left": 3, "right": 4}}, {"text": "Test evidence", "tables": [], "metadata": {"top": 0, "bottom": 1, "left": 4, "right": 5}}]], "body": [[{"text": "", "tables": [], "metadata": {"top": 1, "bottom": 2, "left": 0, "right": 1}}, {"text": "", "tables": [], "metadata": {"top": 1, "bottom": 2, "left": 1, "right": 2}}, {"text": "", "tables": [], "metadata": {"top": 1, "bottom": 2, "left": 2, "right": 3}}, {"text": "", "tables": [], "metadata": {"top": 1, "bottom": 2, "left": 3, "right": 4}}, {"text": "", "tables": [], "metadata": {"top": 1, "bottom": 2, "left": 4, "right": 5}}], [{"text": "", "tables": [], "metadata": {"top": 2, "bottom": 3, "left": 0, "right": 1}}, {"text": "", "tables": [], "metadata": {"top": 2, "bottom": 3, "left": 1, "right": 2}}, {"text": "", "tables": [], "metadata": {"top": 2, "bottom": 3, "left": 2, "right": 3}}, {"text": "", "tables": [], "metadata": {"top": 2, "bottom": 3, "left": 3, "right": 4}}, {"text": "", "tables": [], "metadata": {"top": 2, "bottom": 3, "left": 4, "right": 5}}], [{"text": "", "tables": [], "metadata": {"top": 3, "bottom": 4, "left": 0, "right": 1}}, {"text": "", "tables": [], "metadata": {"top": 3, "bottom": 4, "left": 1, "right": 2}}, {"text": "", "tables": [], "metadata": {"top": 3, "bottom": 4, "left": 2, "right": 3}}, {"text": "", "tables": [], "metadata": {"top": 3, "bottom": 4, "left": 3, "right": 4}}, {"text": "", "tables": [], "metadata": {"top": 3, "bottom": 4, "left": 4, "right": 5}}], [{"text": "", "tables": [], "metadata": {"top": 4, "bottom": 5, "left": 0, "right": 1}}, {"text": "", "tables": [], "metadata": {"top": 4, "bottom": 5, "left": 1, "right": 2}}, {"text": "", "tables": [], "metadata": {"top": 4, "bottom": 5, "left": 2, "right": 3}}, {"text": "", "tables": [], "metadata": {"top": 4, "bottom": 5, "left": 3, "right": 4}}, {"text": "", "tables": [], "metadata": {"top": 4, "bottom": 5, "left": 4, "right": 5}}], [{"text": "", "tables": [], "metadata": {"top": 5, "bottom": 6, "left": 0, "right": 1}}, {"text": "", "tables": [], "metadata": {"top": 5, "bottom": 6, "left": 1, "right": 2}}, {"text": "", "tables": [], "metadata": {"top": 5, "bottom": 6, "left": 2, "right": 3}}, {"text": "", "tables": [], "metadata": {"top": 5, "bottom": 6, "left": 3, "right": 4}}, {"text": "", "tables": [], "metadata": {"top": 5, "bottom": 6, "left": 4, "right": 5}}], [{"text": "", "tables": [], "metadata": {"top": 6, "bottom": 7, "left": 0, "right": 1}}, {"text": "", "tables": [], "metadata": {"top": 6, "bottom": 7, "left": 1, "right": 2}}, {"text": "", "tables": [], "metadata": {"top": 6, "bottom": 7, "left": 2, "right": 3}}, {"text": "", "tables": [], "metadata": {"top": 6, "bottom": 7, "left": 3, "right": 4}}, {"text": "", "tables": [], "metadata": {"top": 6, "bottom": 7, "left": 4, "right": 5}}]]}]}]}}}}